id	first_name	email	gender	city	state	country
1	Mozelle	mcham0@live.com	Female	Guanyinsi		China
2	Gaby	gdod1@twitter.com	Male	Plavy		Czech Republic
3	Rodolphe	romailey2@nymag.com	Male	Jiâ€™ergele Teguoleng		China
4	Carlie	crudledge3@technorati.com	Female	Yuqi		China
5	Irene	ibranford4@newsvine.com	Female	Wuâ€™an		China
6	Myriam	mwiz5@webmd.com	Female	Krajan Dua Dawuan Wetan		Indonesia
7	Hanson	hglenwright6@icio.us	Male	Mojo		Ethiopia
8	Johnathon	jbernette7@pagesperso-orange.fr	Male	Tampere		Finland
9	Heall	horgen8@mac.com	Male	El Hajeb		Morocco
10	Tedmund	trieger9@tripadvisor.com	Male	Fukumitsu		Japan
